timeString,timestamp,waitTimeString,waitTime,address,name
20201026 02:22 PM,2020-10-26T21:22Z,30 Min,30,"455 Grayson Highway, Suite 200, Lawrenceville",Gwinnett Voter Registrations & Elections Office
20201026 02:23 PM,2020-10-26T21:23Z,40 Min,40,"2723 North Bogan Rd, Buford",Bogan Park Community Recreation Center
20201026 02:23 PM,2020-10-26T21:23Z,10 Min,10,"2735 Old Auburn Rd, Dacula",Dacula Park Activity Building
20201026 02:23 PM,2020-10-26T21:23Z,5 Min,5,"55 Buford Highway, Suwanee",George Pierce Park Community Recreation Center
20201026 02:23 PM,2020-10-26T21:23Z,40 Min,40,"2405 Sugarloaf Parkway, Lawrenceville",Gwinnett County Fairgrounds
20201026 02:23 PM,2020-10-26T21:23Z,10 Min,10,"4515 Lenora Church Rd, Snellville",Lenora Park Gym
20201026 02:24 PM,2020-10-26T21:24Z,25 Min,25,"4651 Britt Rd, Norcross",Lucky Shoals Park Community Recreation Center
20201026 02:24 PM,2020-10-26T21:24Z,20 Min,20,"1063 Rockbridge Rd, Stone Mountain",Mountain Park Activity Building
20201026 02:24 PM,2020-10-26T21:24Z,25 Min,25,"2750 Pleasant Hill Rd, Duluth",Shorty Howell Park Activity Building
20201026 03:17 PM,2020-10-26T22:17Z,30 Min,30,"455 Grayson Highway, Suite 200, Lawrenceville",Gwinnett Voter Registrations & Elections Office
20201026 03:17 PM,2020-10-26T22:17Z,20 Min,20,"2723 North Bogan Rd, Buford",Bogan Park Community Recreation Center
20201026 03:17 PM,2020-10-26T22:17Z,30 Min,30,"2735 Old Auburn Rd, Dacula",Dacula Park Activity Building
20201026 03:16 PM,2020-10-26T22:16Z,45 Min,45,"55 Buford Highway, Suwanee",George Pierce Park Community Recreation Center
20201026 03:17 PM,2020-10-26T22:17Z,10 Min,10,"2405 Sugarloaf Parkway, Lawrenceville",Gwinnett County Fairgrounds
20201026 03:18 PM,2020-10-26T22:18Z,15 Min,15,"4515 Lenora Church Rd, Snellville",Lenora Park Gym
20201026 03:17 PM,2020-10-26T22:17Z,10 Min,10,"4651 Britt Rd, Norcross",Lucky Shoals Park Community Recreation Center
20201026 03:16 PM,2020-10-26T22:16Z,20 Min,20,"1063 Rockbridge Rd, Stone Mountain",Mountain Park Activity Building
20201026 03:17 PM,2020-10-26T22:17Z,25 Min,25,"2750 Pleasant Hill Rd, Duluth",Shorty Howell Park Activity Building
20201026 04:17 PM,2020-10-26T23:17Z,30 Min,30,"455 Grayson Highway, Suite 200, Lawrenceville",Gwinnett Voter Registrations & Elections Office
20201026 04:18 PM,2020-10-26T23:18Z,40 Min,40,"2723 North Bogan Rd, Buford",Bogan Park Community Recreation Center
20201026 04:17 PM,2020-10-26T23:17Z,20 Min,20,"2735 Old Auburn Rd, Dacula",Dacula Park Activity Building
20201026 04:17 PM,2020-10-26T23:17Z,30 Min,30,"55 Buford Highway, Suwanee",George Pierce Park Community Recreation Center
20201026 04:18 PM,2020-10-26T23:18Z,10 Min,10,"2405 Sugarloaf Parkway, Lawrenceville",Gwinnett County Fairgrounds
20201026 04:18 PM,2020-10-26T23:18Z,10 Min,10,"4515 Lenora Church Rd, Snellville",Lenora Park Gym
20201026 04:17 PM,2020-10-26T23:17Z,5 Min,5,"4651 Britt Rd, Norcross",Lucky Shoals Park Community Recreation Center
20201026 04:17 PM,2020-10-26T23:17Z,20 Min,20,"1063 Rockbridge Rd, Stone Mountain",Mountain Park Activity Building
20201026 04:18 PM,2020-10-26T23:18Z,30 Min,30,"2750 Pleasant Hill Rd, Duluth",Shorty Howell Park Activity Building
20201026 05:08 PM,2020-10-27T00:08Z,45 Min,45,"2723 North Bogan Rd, Buford",Bogan Park Community Recreation Center
20201026 05:08 PM,2020-10-27T00:08Z,20 Min,20,"2735 Old Auburn Rd, Dacula",Dacula Park Activity Building
20201026 05:10 PM,2020-10-27T00:10Z,20 Min,20,"55 Buford Highway, Suwanee",George Pierce Park Community Recreation Center
20201026 05:08 PM,2020-10-27T00:08Z,1 Hr,60,"2405 Sugarloaf Parkway, Lawrenceville",Gwinnett County Fairgrounds
20201026 05:06 PM,2020-10-27T00:06Z,10 Min,10,"4651 Britt Rd, Norcross",Lucky Shoals Park Community Recreation Center
20201026 05:08 PM,2020-10-27T00:08Z,25 Min,25,"1063 Rockbridge Rd, Stone Mountain",Mountain Park Activity Building
20201026 05:07 PM,2020-10-27T00:07Z,25 Min,25,"2750 Pleasant Hill Rd, Duluth",Shorty Howell Park Activity Building
20201026 05:21 PM,2020-10-27T00:21Z,45 Min,45,"2723 North Bogan Rd, Buford",Bogan Park Community Recreation Center
20201026 05:21 PM,2020-10-27T00:21Z,20 Min,20,"55 Buford Highway, Suwanee",George Pierce Park Community Recreation Center
20201026 05:21 PM,2020-10-27T00:21Z,1 Hr,60,"2405 Sugarloaf Parkway, Lawrenceville",Gwinnett County Fairgrounds
20201026 05:22 PM,2020-10-27T00:22Z,15 Min,15,"4515 Lenora Church Rd, Snellville",Lenora Park Gym
20201026 05:21 PM,2020-10-27T00:21Z,10 Min,10,"4651 Britt Rd, Norcross",Lucky Shoals Park Community Recreation Center
20201026 05:21 PM,2020-10-27T00:21Z,25 Min,25,"1063 Rockbridge Rd, Stone Mountain",Mountain Park Activity Building
20201026 05:21 PM,2020-10-27T00:21Z,10 Min,10,"2750 Pleasant Hill Rd, Duluth",Shorty Howell Park Activity Building
20201026 06:07 PM,2020-10-27T01:07Z,35 Min,35,"2723 North Bogan Rd, Buford",Bogan Park Community Recreation Center
20201026 06:07 PM,2020-10-27T01:07Z,20 Min,20,"2735 Old Auburn Rd, Dacula",Dacula Park Activity Building
20201026 06:08 PM,2020-10-27T01:08Z,10 Min,10,"55 Buford Highway, Suwanee",George Pierce Park Community Recreation Center
20201026 06:07 PM,2020-10-27T01:07Z,1 Hr 10 Min,70,"2405 Sugarloaf Parkway, Lawrenceville",Gwinnett County Fairgrounds
20201026 06:08 PM,2020-10-27T01:08Z,20 Min,20,"4515 Lenora Church Rd, Snellville",Lenora Park Gym
20201026 06:07 PM,2020-10-27T01:07Z,15 Min,15,"4651 Britt Rd, Norcross",Lucky Shoals Park Community Recreation Center
20201026 06:08 PM,2020-10-27T01:08Z,25 Min,25,"1063 Rockbridge Rd, Stone Mountain",Mountain Park Activity Building
20201026 06:07 PM,2020-10-27T01:07Z,25 Min,25,"2750 Pleasant Hill Rd, Duluth",Shorty Howell Park Activity Building
20201026 06:21 PM,2020-10-27T01:21Z,45 Min,45,"2750 Pleasant Hill Rd, Duluth",Shorty Howell Park Activity Building
20201027 07:04 AM,2020-10-27T14:04Z,10 Min,10,"2723 North Bogan Rd, Buford",Bogan Park Community Recreation Center
20201027 07:06 AM,2020-10-27T14:06Z,10 Min,10,"2735 Old Auburn Rd, Dacula",Dacula Park Activity Building
20201027 07:04 AM,2020-10-27T14:04Z,10 Min,10,"55 Buford Highway, Suwanee",George Pierce Park Community Recreation Center
20201027 07:05 AM,2020-10-27T14:05Z,10 Min,10,"2405 Sugarloaf Parkway, Lawrenceville",Gwinnett County Fairgrounds
20201027 07:06 AM,2020-10-27T14:06Z,15 Min,15,"4515 Lenora Church Rd, Snellville",Lenora Park Gym
20201027 07:05 AM,2020-10-27T14:05Z,10 Min,10,"4651 Britt Rd, Norcross",Lucky Shoals Park Community Recreation Center
20201027 07:05 AM,2020-10-27T14:05Z,10 Min,10,"1063 Rockbridge Rd, Stone Mountain",Mountain Park Activity Building
20201027 07:05 AM,2020-10-27T14:05Z,45 Min,45,"2750 Pleasant Hill Rd, Duluth",Shorty Howell Park Activity Building
20201027 07:33 AM,2020-10-27T14:33Z,5 Min,5,"2405 Sugarloaf Parkway, Lawrenceville",Gwinnett County Fairgrounds
20201027 08:05 AM,2020-10-27T15:05Z,10 Min,10,"455 Grayson Highway, Suite 200, Lawrenceville",Gwinnett Voter Registrations & Elections Office
20201027 08:03 AM,2020-10-27T15:03Z,5 Min,5,"2723 North Bogan Rd, Buford",Bogan Park Community Recreation Center
20201027 08:04 AM,2020-10-27T15:04Z,10 Min,10,"2735 Old Auburn Rd, Dacula",Dacula Park Activity Building
20201027 08:07 AM,2020-10-27T15:07Z,5 Min,5,"55 Buford Highway, Suwanee",George Pierce Park Community Recreation Center
20201027 08:04 AM,2020-10-27T15:04Z,5 Min,5,"2405 Sugarloaf Parkway, Lawrenceville",Gwinnett County Fairgrounds
20201027 08:05 AM,2020-10-27T15:05Z,10 Min,10,"4515 Lenora Church Rd, Snellville",Lenora Park Gym
20201027 08:04 AM,2020-10-27T15:04Z,10 Min,10,"4651 Britt Rd, Norcross",Lucky Shoals Park Community Recreation Center
20201027 08:04 AM,2020-10-27T15:04Z,5 Min,5,"1063 Rockbridge Rd, Stone Mountain",Mountain Park Activity Building
20201027 08:08 AM,2020-10-27T15:08Z,30 Min,30,"2750 Pleasant Hill Rd, Duluth",Shorty Howell Park Activity Building
20201027 08:38 AM,2020-10-27T15:38Z,5 Min,5,"455 Grayson Highway, Suite 200, Lawrenceville",Gwinnett Voter Registrations & Elections Office
20201027 08:12 AM,2020-10-27T15:12Z,20 Min,20,"2750 Pleasant Hill Rd, Duluth",Shorty Howell Park Activity Building
20201027 08:59 AM,2020-10-27T15:59Z,10 Min,10,"2723 North Bogan Rd, Buford",Bogan Park Community Recreation Center
20201027 08:50 AM,2020-10-27T15:50Z,5 Min,5,"2735 Old Auburn Rd, Dacula",Dacula Park Activity Building
20201027 09:10 AM,2020-10-27T16:10Z,No wait,0,"4515 Lenora Church Rd, Snellville",Lenora Park Gym
20201027 09:10 AM,2020-10-27T16:10Z,No wait,0,"4651 Britt Rd, Norcross",Lucky Shoals Park Community Recreation Center
20201027 09:22 AM,2020-10-27T16:22Z,5 Min,5,"455 Grayson Highway, Suite 200, Lawrenceville",Gwinnett Voter Registrations & Elections Office
20201027 09:22 AM,2020-10-27T16:22Z,10 Min,10,"2723 North Bogan Rd, Buford",Bogan Park Community Recreation Center
20201027 09:21 AM,2020-10-27T16:21Z,5 Min,5,"2735 Old Auburn Rd, Dacula",Dacula Park Activity Building
20201027 09:30 AM,2020-10-27T16:30Z,25 Min,25,"55 Buford Highway, Suwanee",George Pierce Park Community Recreation Center
20201027 09:21 AM,2020-10-27T16:21Z,5 Min,5,"2405 Sugarloaf Parkway, Lawrenceville",Gwinnett County Fairgrounds
20201027 09:21 AM,2020-10-27T16:21Z,5 Min,5,"4515 Lenora Church Rd, Snellville",Lenora Park Gym
20201027 09:21 AM,2020-10-27T16:21Z,5 Min,5,"4651 Britt Rd, Norcross",Lucky Shoals Park Community Recreation Center
20201027 09:21 AM,2020-10-27T16:21Z,5 Min,5,"1063 Rockbridge Rd, Stone Mountain",Mountain Park Activity Building
20201027 09:21 AM,2020-10-27T16:21Z,15 Min,15,"2750 Pleasant Hill Rd, Duluth",Shorty Howell Park Activity Building
20201027 10:05 AM,2020-10-27T17:05Z,10 Min,10,"455 Grayson Highway, Suite 200, Lawrenceville",Gwinnett Voter Registrations & Elections Office
20201027 10:09 AM,2020-10-27T17:09Z,5 Min,5,"2723 North Bogan Rd, Buford",Bogan Park Community Recreation Center
20201027 10:05 AM,2020-10-27T17:05Z,5 Min,5,"2735 Old Auburn Rd, Dacula",Dacula Park Activity Building
20201027 10:05 AM,2020-10-27T17:05Z,5 Min,5,"2405 Sugarloaf Parkway, Lawrenceville",Gwinnett County Fairgrounds
20201027 10:06 AM,2020-10-27T17:06Z,5 Min,5,"4651 Britt Rd, Norcross",Lucky Shoals Park Community Recreation Center
20201027 10:10 AM,2020-10-27T17:10Z,20 Min,20,"2750 Pleasant Hill Rd, Duluth",Shorty Howell Park Activity Building
20201027 10:29 AM,2020-10-27T17:29Z,30 Min,30,"55 Buford Highway, Suwanee",George Pierce Park Community Recreation Center
20201027 10:15 AM,2020-10-27T17:15Z,5 Min,5,"4515 Lenora Church Rd, Snellville",Lenora Park Gym
20201027 10:15 AM,2020-10-27T17:15Z,10 Min,10,"1063 Rockbridge Rd, Stone Mountain",Mountain Park Activity Building
20201027 10:14 AM,2020-10-27T17:14Z,20 Min,20,"2750 Pleasant Hill Rd, Duluth",Shorty Howell Park Activity Building
20201027 11:03 AM,2020-10-27T18:03Z,20 Min,20,"2723 North Bogan Rd, Buford",Bogan Park Community Recreation Center
20201027 10:37 AM,2020-10-27T17:37Z,25 Min,25,"2735 Old Auburn Rd, Dacula",Dacula Park Activity Building
20201027 11:02 AM,2020-10-27T18:02Z,10 Min,10,"4515 Lenora Church Rd, Snellville",Lenora Park Gym
20201027 11:06 AM,2020-10-27T18:06Z,30 Min,30,"1063 Rockbridge Rd, Stone Mountain",Mountain Park Activity Building
20201027 11:13 AM,2020-10-27T18:13Z,5 Min,5,"455 Grayson Highway, Suite 200, Lawrenceville",Gwinnett Voter Registrations & Elections Office
20201027 11:08 AM,2020-10-27T18:08Z,25 Min,25,"2735 Old Auburn Rd, Dacula",Dacula Park Activity Building
20201027 11:11 AM,2020-10-27T18:11Z,45 Min,45,"55 Buford Highway, Suwanee",George Pierce Park Community Recreation Center
20201027 11:39 AM,2020-10-27T18:39Z,10 Min,10,"2405 Sugarloaf Parkway, Lawrenceville",Gwinnett County Fairgrounds
20201027 11:18 AM,2020-10-27T18:18Z,45 Min,45,"4651 Britt Rd, Norcross",Lucky Shoals Park Community Recreation Center
20201027 11:08 AM,2020-10-27T18:08Z,30 Min,30,"1063 Rockbridge Rd, Stone Mountain",Mountain Park Activity Building
20201027 11:40 AM,2020-10-27T18:40Z,30 Min,30,"2750 Pleasant Hill Rd, Duluth",Shorty Howell Park Activity Building
20201027 12:16 PM,2020-10-27T19:16Z,25 Min,25,"455 Grayson Highway, Suite 200, Lawrenceville",Gwinnett Voter Registrations & Elections Office
20201027 12:13 PM,2020-10-27T19:13Z,30 Min,30,"2723 North Bogan Rd, Buford",Bogan Park Community Recreation Center
20201027 12:01 PM,2020-10-27T19:01Z,20 Min,20,"2735 Old Auburn Rd, Dacula",Dacula Park Activity Building
20201027 12:02 PM,2020-10-27T19:02Z,30 Min,30,"55 Buford Highway, Suwanee",George Pierce Park Community Recreation Center
20201027 12:00 PM,2020-10-27T19:00Z,5 Min,5,"2405 Sugarloaf Parkway, Lawrenceville",Gwinnett County Fairgrounds
20201027 11:48 AM,2020-10-27T18:48Z,20 Min,20,"4515 Lenora Church Rd, Snellville",Lenora Park Gym
20201027 11:48 AM,2020-10-27T18:48Z,5 Min,5,"1063 Rockbridge Rd, Stone Mountain",Mountain Park Activity Building
20201027 12:10 PM,2020-10-27T19:10Z,30 Min,30,"2750 Pleasant Hill Rd, Duluth",Shorty Howell Park Activity Building
20201027 12:27 PM,2020-10-27T19:27Z,15 Min,15,"4515 Lenora Church Rd, Snellville",Lenora Park Gym
20201027 12:50 PM,2020-10-27T19:50Z,1 Hr 30 Min,90,"4651 Britt Rd, Norcross",Lucky Shoals Park Community Recreation Center
20201027 12:47 PM,2020-10-27T19:47Z,15 Min,15,"1063 Rockbridge Rd, Stone Mountain",Mountain Park Activity Building
20201027 01:02 PM,2020-10-27T20:02Z,15 Min,15,"2405 Sugarloaf Parkway, Lawrenceville",Gwinnett County Fairgrounds
20201027 01:06 PM,2020-10-27T20:06Z,10 Min,10,"2735 Old Auburn Rd, Dacula",Dacula Park Activity Building
20201027 01:08 PM,2020-10-27T20:08Z,40 Min,40,"2750 Pleasant Hill Rd, Duluth",Shorty Howell Park Activity Building
20201027 02:10 PM,2020-10-27T21:10Z,20 Min,20,"455 Grayson Highway, Suite 200, Lawrenceville",Gwinnett Voter Registrations & Elections Office
20201027 02:00 PM,2020-10-27T21:00Z,15 Min,15,"2723 North Bogan Rd, Buford",Bogan Park Community Recreation Center
20201027 01:39 PM,2020-10-27T20:39Z,10 Min,10,"2735 Old Auburn Rd, Dacula",Dacula Park Activity Building
20201027 01:39 PM,2020-10-27T20:39Z,15 Min,15,"55 Buford Highway, Suwanee",George Pierce Park Community Recreation Center
20201027 01:59 PM,2020-10-27T20:59Z,30 Min,30,"2405 Sugarloaf Parkway, Lawrenceville",Gwinnett County Fairgrounds
20201027 02:06 PM,2020-10-27T21:06Z,15 Min,15,"4515 Lenora Church Rd, Snellville",Lenora Park Gym
20201027 02:05 PM,2020-10-27T21:05Z,20 Min,20,"4651 Britt Rd, Norcross",Lucky Shoals Park Community Recreation Center
20201027 01:59 PM,2020-10-27T20:59Z,5 Min,5,"1063 Rockbridge Rd, Stone Mountain",Mountain Park Activity Building
20201027 02:05 PM,2020-10-27T21:05Z,1 Hr 30 Min,90,"2750 Pleasant Hill Rd, Duluth",Shorty Howell Park Activity Building
20201027 02:15 PM,2020-10-27T21:15Z,20 Min,20,"2735 Old Auburn Rd, Dacula",Dacula Park Activity Building
20201027 02:39 PM,2020-10-27T21:39Z,15 Min,15,"55 Buford Highway, Suwanee",George Pierce Park Community Recreation Center
20201027 02:12 PM,2020-10-27T21:12Z,20 Min,20,"4651 Britt Rd, Norcross",Lucky Shoals Park Community Recreation Center
20201027 02:15 PM,2020-10-27T21:15Z,5 Min,5,"1063 Rockbridge Rd, Stone Mountain",Mountain Park Activity Building
20201027 03:05 PM,2020-10-27T22:05Z,5 Min,5,"2723 North Bogan Rd, Buford",Bogan Park Community Recreation Center
20201027 03:05 PM,2020-10-27T22:05Z,15 Min,15,"55 Buford Highway, Suwanee",George Pierce Park Community Recreation Center
20201027 03:10 PM,2020-10-27T22:10Z,No wait,0,"4651 Britt Rd, Norcross",Lucky Shoals Park Community Recreation Center
20201027 03:03 PM,2020-10-27T22:03Z,20 Min,20,"2750 Pleasant Hill Rd, Duluth",Shorty Howell Park Activity Building
20201027 03:13 PM,2020-10-27T22:13Z,30 Min,30,"455 Grayson Highway, Suite 200, Lawrenceville",Gwinnett Voter Registrations & Elections Office
20201027 03:08 PM,2020-10-27T22:08Z,25 Min,25,"2735 Old Auburn Rd, Dacula",Dacula Park Activity Building
20201027 03:10 PM,2020-10-27T22:10Z,45 Min,45,"55 Buford Highway, Suwanee",George Pierce Park Community Recreation Center
20201027 03:11 PM,2020-10-27T22:11Z,20 Min,20,"2405 Sugarloaf Parkway, Lawrenceville",Gwinnett County Fairgrounds
20201027 03:11 PM,2020-10-27T22:11Z,20 Min,20,"4651 Britt Rd, Norcross",Lucky Shoals Park Community Recreation Center
20201027 03:07 PM,2020-10-27T22:07Z,5 Min,5,"1063 Rockbridge Rd, Stone Mountain",Mountain Park Activity Building
20201027 03:52 PM,2020-10-27T22:52Z,10 Min,10,"2723 North Bogan Rd, Buford",Bogan Park Community Recreation Center
20201027 03:56 PM,2020-10-27T22:56Z,25 Min,25,"2405 Sugarloaf Parkway, Lawrenceville",Gwinnett County Fairgrounds
20201027 04:04 PM,2020-10-27T23:04Z,40 Min,40,"2750 Pleasant Hill Rd, Duluth",Shorty Howell Park Activity Building
20201027 04:15 PM,2020-10-27T23:15Z,20 Min,20,"455 Grayson Highway, Suite 200, Lawrenceville",Gwinnett Voter Registrations & Elections Office
20201027 04:24 PM,2020-10-27T23:24Z,20 Min,20,"2723 North Bogan Rd, Buford",Bogan Park Community Recreation Center
20201027 04:16 PM,2020-10-27T23:16Z,30 Min,30,"2735 Old Auburn Rd, Dacula",Dacula Park Activity Building
20201027 04:35 PM,2020-10-27T23:35Z,30 Min,30,"55 Buford Highway, Suwanee",George Pierce Park Community Recreation Center
20201027 04:20 PM,2020-10-27T23:20Z,5 Min,5,"4515 Lenora Church Rd, Snellville",Lenora Park Gym
20201027 04:32 PM,2020-10-27T23:32Z,30 Min,30,"4651 Britt Rd, Norcross",Lucky Shoals Park Community Recreation Center
20201027 04:07 PM,2020-10-27T23:07Z,40 Min,40,"1063 Rockbridge Rd, Stone Mountain",Mountain Park Activity Building
20201027 04:50 PM,2020-10-27T23:50Z,21 Min,21,"2723 North Bogan Rd, Buford",Bogan Park Community Recreation Center
20201027 05:01 PM,2020-10-28T00:01Z,25 Min,25,"2735 Old Auburn Rd, Dacula",Dacula Park Activity Building
20201027 05:00 PM,2020-10-28,20 Min,20,"2405 Sugarloaf Parkway, Lawrenceville",Gwinnett County Fairgrounds
20201027 05:01 PM,2020-10-28T00:01Z,40 Min,40,"2750 Pleasant Hill Rd, Duluth",Shorty Howell Park Activity Building
20201027 05:14 PM,2020-10-28T00:14Z,45 Min,45,"2723 North Bogan Rd, Buford",Bogan Park Community Recreation Center
20201027 05:13 PM,2020-10-28T00:13Z,25 Min,25,"2735 Old Auburn Rd, Dacula",Dacula Park Activity Building
20201027 05:13 PM,2020-10-28T00:13Z,30 Min,30,"55 Buford Highway, Suwanee",George Pierce Park Community Recreation Center
20201027 05:13 PM,2020-10-28T00:13Z,20 Min,20,"2405 Sugarloaf Parkway, Lawrenceville",Gwinnett County Fairgrounds
20201027 05:13 PM,2020-10-28T00:13Z,10 Min,10,"4515 Lenora Church Rd, Snellville",Lenora Park Gym
20201027 05:13 PM,2020-10-28T00:13Z,30 Min,30,"4651 Britt Rd, Norcross",Lucky Shoals Park Community Recreation Center
20201027 05:13 PM,2020-10-28T00:13Z,30 Min,30,"1063 Rockbridge Rd, Stone Mountain",Mountain Park Activity Building
20201027 05:13 PM,2020-10-28T00:13Z,30 Min,30,"2750 Pleasant Hill Rd, Duluth",Shorty Howell Park Activity Building
20201027 05:59 PM,2020-10-28T00:59Z,25 Min,25,"2735 Old Auburn Rd, Dacula",Dacula Park Activity Building
20201027 06:04 PM,2020-10-28T01:04Z,45 Min,45,"4651 Britt Rd, Norcross",Lucky Shoals Park Community Recreation Center
20201027 06:04 PM,2020-10-28T01:04Z,45 Min,45,"1063 Rockbridge Rd, Stone Mountain",Mountain Park Activity Building
20201027 05:54 PM,2020-10-28T00:54Z,1 Hr,60,"2750 Pleasant Hill Rd, Duluth",Shorty Howell Park Activity Building
20201027 06:09 PM,2020-10-28T01:09Z,30 Min,30,"2723 North Bogan Rd, Buford",Bogan Park Community Recreation Center
20201027 06:24 PM,2020-10-28T01:24Z,25 Min,25,"2735 Old Auburn Rd, Dacula",Dacula Park Activity Building
20201027 06:25 PM,2020-10-28T01:25Z,20 Min,20,"55 Buford Highway, Suwanee",George Pierce Park Community Recreation Center
20201027 06:24 PM,2020-10-28T01:24Z,30 Min,30,"2405 Sugarloaf Parkway, Lawrenceville",Gwinnett County Fairgrounds
20201027 06:24 PM,2020-10-28T01:24Z,15 Min,15,"4515 Lenora Church Rd, Snellville",Lenora Park Gym
20201027 06:35 PM,2020-10-28T01:35Z,No wait,0,"4651 Britt Rd, Norcross",Lucky Shoals Park Community Recreation Center
20201027 06:24 PM,2020-10-28T01:24Z,5 Min,5,"1063 Rockbridge Rd, Stone Mountain",Mountain Park Activity Building
20201027 06:24 PM,2020-10-28T01:24Z,1 Hr,60,"2750 Pleasant Hill Rd, Duluth",Shorty Howell Park Activity Building
20201028 07:10 AM,2020-10-28T14:10Z,No wait,0,"2723 North Bogan Rd, Buford",Bogan Park Community Recreation Center
20201028 07:01 AM,2020-10-28T14:01Z,30 Min,30,"2735 Old Auburn Rd, Dacula",Dacula Park Activity Building
20201028 07:02 AM,2020-10-28T14:02Z,10 Min,10,"55 Buford Highway, Suwanee",George Pierce Park Community Recreation Center
20201028 07:10 AM,2020-10-28T14:10Z,No wait,0,"2405 Sugarloaf Parkway, Lawrenceville",Gwinnett County Fairgrounds
20201028 07:10 AM,2020-10-28T14:10Z,No wait,0,"4515 Lenora Church Rd, Snellville",Lenora Park Gym
20201028 07:00 AM,2020-10-28T14:00Z,15 Min,15,"4651 Britt Rd, Norcross",Lucky Shoals Park Community Recreation Center
20201028 07:10 AM,2020-10-28T14:10Z,No wait,0,"1063 Rockbridge Rd, Stone Mountain",Mountain Park Activity Building
20201028 06:45 AM,2020-10-28T13:45Z,10 Min,10,"2750 Pleasant Hill Rd, Duluth",Shorty Howell Park Activity Building
20201028 07:28 AM,2020-10-28T14:28Z,10 Min,10,"2723 North Bogan Rd, Buford",Bogan Park Community Recreation Center
20201028 07:27 AM,2020-10-28T14:27Z,10 Min,10,"2735 Old Auburn Rd, Dacula",Dacula Park Activity Building
20201028 07:27 AM,2020-10-28T14:27Z,10 Min,10,"55 Buford Highway, Suwanee",George Pierce Park Community Recreation Center
20201028 07:28 AM,2020-10-28T14:28Z,5 Min,5,"2405 Sugarloaf Parkway, Lawrenceville",Gwinnett County Fairgrounds
20201028 07:28 AM,2020-10-28T14:28Z,35 Min,35,"4515 Lenora Church Rd, Snellville",Lenora Park Gym
20201028 07:28 AM,2020-10-28T14:28Z,15 Min,15,"4651 Britt Rd, Norcross",Lucky Shoals Park Community Recreation Center
20201028 07:28 AM,2020-10-28T14:28Z,10 Min,10,"1063 Rockbridge Rd, Stone Mountain",Mountain Park Activity Building
20201028 07:28 AM,2020-10-28T14:28Z,10 Min,10,"2750 Pleasant Hill Rd, Duluth",Shorty Howell Park Activity Building
20201028 08:07 AM,2020-10-28T15:07Z,30 Min,30,"455 Grayson Highway, Suite 200, Lawrenceville",Gwinnett Voter Registrations & Elections Office
20201028 08:05 AM,2020-10-28T15:05Z,15 Min,15,"2723 North Bogan Rd, Buford",Bogan Park Community Recreation Center
20201028 08:06 AM,2020-10-28T15:06Z,10 Min,10,"2735 Old Auburn Rd, Dacula",Dacula Park Activity Building
20201028 08:05 AM,2020-10-28T15:05Z,10 Min,10,"2405 Sugarloaf Parkway, Lawrenceville",Gwinnett County Fairgrounds
20201028 08:02 AM,2020-10-28T15:02Z,5 Min,5,"4515 Lenora Church Rd, Snellville",Lenora Park Gym
20201028 08:05 AM,2020-10-28T15:05Z,5 Min,5,"4651 Britt Rd, Norcross",Lucky Shoals Park Community Recreation Center
20201028 08:01 AM,2020-10-28T15:01Z,10 Min,10,"1063 Rockbridge Rd, Stone Mountain",Mountain Park Activity Building
20201028 08:18 AM,2020-10-28T15:18Z,10 Min,10,"2735 Old Auburn Rd, Dacula",Dacula Park Activity Building
20201028 08:18 AM,2020-10-28T15:18Z,10 Min,10,"55 Buford Highway, Suwanee",George Pierce Park Community Recreation Center
20201028 08:18 AM,2020-10-28T15:18Z,25 Min,25,"2750 Pleasant Hill Rd, Duluth",Shorty Howell Park Activity Building
20201028 09:05 AM,2020-10-28T16:05Z,15 Min,15,"455 Grayson Highway, Suite 200, Lawrenceville",Gwinnett Voter Registrations & Elections Office
20201028 09:05 AM,2020-10-28T16:05Z,20 Min,20,"2723 North Bogan Rd, Buford",Bogan Park Community Recreation Center
20201028 09:05 AM,2020-10-28T16:05Z,10 Min,10,"55 Buford Highway, Suwanee",George Pierce Park Community Recreation Center
20201028 09:05 AM,2020-10-28T16:05Z,5 Min,5,"4651 Britt Rd, Norcross",Lucky Shoals Park Community Recreation Center
20201028 09:22 AM,2020-10-28T16:22Z,10 Min,10,"2735 Old Auburn Rd, Dacula",Dacula Park Activity Building
20201028 09:12 AM,2020-10-28T16:12Z,5 Min,5,"2405 Sugarloaf Parkway, Lawrenceville",Gwinnett County Fairgrounds
20201028 09:23 AM,2020-10-28T16:23Z,10 Min,10,"4515 Lenora Church Rd, Snellville",Lenora Park Gym
20201028 09:22 AM,2020-10-28T16:22Z,10 Min,10,"1063 Rockbridge Rd, Stone Mountain",Mountain Park Activity Building
20201028 09:22 AM,2020-10-28T16:22Z,30 Min,30,"2750 Pleasant Hill Rd, Duluth",Shorty Howell Park Activity Building
20201028 10:04 AM,2020-10-28T17:04Z,10 Min,10,"4651 Britt Rd, Norcross",Lucky Shoals Park Community Recreation Center
20201028 10:04 AM,2020-10-28T17:04Z,20 Min,20,"1063 Rockbridge Rd, Stone Mountain",Mountain Park Activity Building
20201028 10:04 AM,2020-10-28T17:04Z,45 Min,45,"2750 Pleasant Hill Rd, Duluth",Shorty Howell Park Activity Building
20201028 10:30 AM,2020-10-28T17:30Z,15 Min,15,"455 Grayson Highway, Suite 200, Lawrenceville",Gwinnett Voter Registrations & Elections Office
20201028 10:08 AM,2020-10-28T17:08Z,10 Min,10,"2723 North Bogan Rd, Buford",Bogan Park Community Recreation Center
20201028 10:15 AM,2020-10-28T17:15Z,20 Min,20,"2735 Old Auburn Rd, Dacula",Dacula Park Activity Building
20201028 10:14 AM,2020-10-28T17:14Z,20 Min,20,"55 Buford Highway, Suwanee",George Pierce Park Community Recreation Center
20201028 10:09 AM,2020-10-28T17:09Z,5 Min,5,"2405 Sugarloaf Parkway, Lawrenceville",Gwinnett County Fairgrounds
20201028 10:27 AM,2020-10-28T17:27Z,15 Min,15,"4515 Lenora Church Rd, Snellville",Lenora Park Gym
20201028 11:01 AM,2020-10-28T18:01Z,30 Min,30,"55 Buford Highway, Suwanee",George Pierce Park Community Recreation Center
20201028 11:04 AM,2020-10-28T18:04Z,10 Min,10,"4651 Britt Rd, Norcross",Lucky Shoals Park Community Recreation Center
20201028 11:01 AM,2020-10-28T18:01Z,30 Min,30,"2750 Pleasant Hill Rd, Duluth",Shorty Howell Park Activity Building
20201028 11:27 AM,2020-10-28T18:27Z,15 Min,15,"455 Grayson Highway, Suite 200, Lawrenceville",Gwinnett Voter Registrations & Elections Office
20201028 11:27 AM,2020-10-28T18:27Z,20 Min,20,"2735 Old Auburn Rd, Dacula",Dacula Park Activity Building
20201028 11:13 AM,2020-10-28T18:13Z,1 Hr,60,"55 Buford Highway, Suwanee",George Pierce Park Community Recreation Center
20201028 11:29 AM,2020-10-28T18:29Z,40 Min,40,"2405 Sugarloaf Parkway, Lawrenceville",Gwinnett County Fairgrounds
20201028 11:26 AM,2020-10-28T18:26Z,10 Min,10,"4651 Britt Rd, Norcross",Lucky Shoals Park Community Recreation Center
20201028 11:27 AM,2020-10-28T18:27Z,15 Min,15,"1063 Rockbridge Rd, Stone Mountain",Mountain Park Activity Building
20201028 12:06 PM,2020-10-28T19:06Z,30 Min,30,"455 Grayson Highway, Suite 200, Lawrenceville",Gwinnett Voter Registrations & Elections Office
20201028 11:44 AM,2020-10-28T18:44Z,30 Min,30,"2723 North Bogan Rd, Buford",Bogan Park Community Recreation Center
20201028 12:03 PM,2020-10-28T19:03Z,15 Min,15,"2735 Old Auburn Rd, Dacula",Dacula Park Activity Building
20201028 11:54 AM,2020-10-28T18:54Z,25 Min,25,"1063 Rockbridge Rd, Stone Mountain",Mountain Park Activity Building
20201028 12:09 PM,2020-10-28T19:09Z,35 Min,35,"2750 Pleasant Hill Rd, Duluth",Shorty Howell Park Activity Building
20201028 12:23 PM,2020-10-28T19:23Z,45 Min,45,"2723 North Bogan Rd, Buford",Bogan Park Community Recreation Center
20201028 01:03 PM,2020-10-28T20:03Z,30 Min,30,"2735 Old Auburn Rd, Dacula",Dacula Park Activity Building
20201028 12:57 PM,2020-10-28T19:57Z,20 Min,20,"55 Buford Highway, Suwanee",George Pierce Park Community Recreation Center
20201028 01:01 PM,2020-10-28T20:01Z,35 Min,35,"4651 Britt Rd, Norcross",Lucky Shoals Park Community Recreation Center
20201028 01:15 PM,2020-10-28T20:15Z,30 Min,30,"455 Grayson Highway, Suite 200, Lawrenceville",Gwinnett Voter Registrations & Elections Office
20201028 01:23 PM,2020-10-28T20:23Z,1 Hr,60,"2723 North Bogan Rd, Buford",Bogan Park Community Recreation Center
20201028 01:27 PM,2020-10-28T20:27Z,45 Min,45,"4651 Britt Rd, Norcross",Lucky Shoals Park Community Recreation Center
20201028 01:45 PM,2020-10-28T20:45Z,45 Min,45,"4651 Britt Rd, Norcross",Lucky Shoals Park Community Recreation Center
20201028 01:55 PM,2020-10-28T20:55Z,15 Min,15,"1063 Rockbridge Rd, Stone Mountain",Mountain Park Activity Building
20201028 02:25 PM,2020-10-28T21:25Z,30 Min,30,"455 Grayson Highway, Suite 200, Lawrenceville",Gwinnett Voter Registrations & Elections Office
20201028 02:25 PM,2020-10-28T21:25Z,1 Hr 15 Min,75,"2723 North Bogan Rd, Buford",Bogan Park Community Recreation Center
20201028 02:16 PM,2020-10-28T21:16Z,30 Min,30,"2735 Old Auburn Rd, Dacula",Dacula Park Activity Building
20201028 02:16 PM,2020-10-28T21:16Z,20 Min,20,"55 Buford Highway, Suwanee",George Pierce Park Community Recreation Center
20201028 02:25 PM,2020-10-28T21:25Z,30 Min,30,"2405 Sugarloaf Parkway, Lawrenceville",Gwinnett County Fairgrounds
20201028 02:15 PM,2020-10-28T21:15Z,10 Min,10,"4515 Lenora Church Rd, Snellville",Lenora Park Gym
20201028 02:16 PM,2020-10-28T21:16Z,45 Min,45,"4651 Britt Rd, Norcross",Lucky Shoals Park Community Recreation Center
20201028 02:16 PM,2020-10-28T21:16Z,15 Min,15,"1063 Rockbridge Rd, Stone Mountain",Mountain Park Activity Building
20201028 02:16 PM,2020-10-28T21:16Z,30 Min,30,"2750 Pleasant Hill Rd, Duluth",Shorty Howell Park Activity Building
20201028 03:11 PM,2020-10-28T22:11Z,15 Min,15,"455 Grayson Highway, Suite 200, Lawrenceville",Gwinnett Voter Registrations & Elections Office
20201028 03:01 PM,2020-10-28T22:01Z,10 Min,10,"2735 Old Auburn Rd, Dacula",Dacula Park Activity Building
20201028 03:11 PM,2020-10-28T22:11Z,1 Hr,60,"55 Buford Highway, Suwanee",George Pierce Park Community Recreation Center
20201028 03:04 PM,2020-10-28T22:04Z,15 Min,15,"4651 Britt Rd, Norcross",Lucky Shoals Park Community Recreation Center
20201028 03:19 PM,2020-10-28T22:19Z,1 Hr,60,"2723 North Bogan Rd, Buford",Bogan Park Community Recreation Center
20201028 03:11 PM,2020-10-28T22:11Z,10 Min,10,"2735 Old Auburn Rd, Dacula",Dacula Park Activity Building
20201028 03:30 PM,2020-10-28T22:30Z,5 Min,5,"4651 Britt Rd, Norcross",Lucky Shoals Park Community Recreation Center
20201028 03:16 PM,2020-10-28T22:16Z,20 Min,20,"1063 Rockbridge Rd, Stone Mountain",Mountain Park Activity Building
20201028 03:12 PM,2020-10-28T22:12Z,30 Min,30,"2750 Pleasant Hill Rd, Duluth",Shorty Howell Park Activity Building
20201028 04:02 PM,2020-10-28T23:02Z,25 Min,25,"455 Grayson Highway, Suite 200, Lawrenceville",Gwinnett Voter Registrations & Elections Office
20201028 04:02 PM,2020-10-28T23:02Z,45 Min,45,"2723 North Bogan Rd, Buford",Bogan Park Community Recreation Center
20201028 04:02 PM,2020-10-28T23:02Z,10 Min,10,"2735 Old Auburn Rd, Dacula",Dacula Park Activity Building
20201028 04:02 PM,2020-10-28T23:02Z,10 Min,10,"55 Buford Highway, Suwanee",George Pierce Park Community Recreation Center
20201028 04:02 PM,2020-10-28T23:02Z,20 Min,20,"2405 Sugarloaf Parkway, Lawrenceville",Gwinnett County Fairgrounds
20201028 04:02 PM,2020-10-28T23:02Z,15 Min,15,"4515 Lenora Church Rd, Snellville",Lenora Park Gym
20201028 04:05 PM,2020-10-28T23:05Z,5 Min,5,"4651 Britt Rd, Norcross",Lucky Shoals Park Community Recreation Center
20201028 04:02 PM,2020-10-28T23:02Z,15 Min,15,"1063 Rockbridge Rd, Stone Mountain",Mountain Park Activity Building
20201028 04:02 PM,2020-10-28T23:02Z,30 Min,30,"2750 Pleasant Hill Rd, Duluth",Shorty Howell Park Activity Building
20201028 04:15 PM,2020-10-28T23:15Z,20 Min,20,"455 Grayson Highway, Suite 200, Lawrenceville",Gwinnett Voter Registrations & Elections Office
20201028 04:25 PM,2020-10-28T23:25Z,1 Hr,60,"55 Buford Highway, Suwanee",George Pierce Park Community Recreation Center
20201028 04:11 PM,2020-10-28T23:11Z,25 Min,25,"1063 Rockbridge Rd, Stone Mountain",Mountain Park Activity Building
20201028 05:10 PM,2020-10-29T00:10Z,40 Min,40,"2723 North Bogan Rd, Buford",Bogan Park Community Recreation Center
20201028 05:10 PM,2020-10-29T00:10Z,10 Min,10,"2405 Sugarloaf Parkway, Lawrenceville",Gwinnett County Fairgrounds
20201028 05:09 PM,2020-10-29T00:09Z,35 Min,35,"4651 Britt Rd, Norcross",Lucky Shoals Park Community Recreation Center
20201028 05:08 PM,2020-10-29T00:08Z,25 Min,25,"1063 Rockbridge Rd, Stone Mountain",Mountain Park Activity Building
20201028 05:09 PM,2020-10-29T00:09Z,30 Min,30,"2750 Pleasant Hill Rd, Duluth",Shorty Howell Park Activity Building
20201028 05:11 PM,2020-10-29T00:11Z,45 Min,45,"2735 Old Auburn Rd, Dacula",Dacula Park Activity Building
20201028 05:16 PM,2020-10-29T00:16Z,45 Min,45,"55 Buford Highway, Suwanee",George Pierce Park Community Recreation Center
20201028 05:16 PM,2020-10-29T00:16Z,20 Min,20,"4515 Lenora Church Rd, Snellville",Lenora Park Gym
20201028 06:05 PM,2020-10-29T01:05Z,1 Hr,60,"2735 Old Auburn Rd, Dacula",Dacula Park Activity Building
20201028 05:45 PM,2020-10-29T00:45Z,2 Hrs,120,"2405 Sugarloaf Parkway, Lawrenceville",Gwinnett County Fairgrounds
20201028 06:04 PM,2020-10-29T01:04Z,15 Min,15,"4515 Lenora Church Rd, Snellville",Lenora Park Gym
20201028 06:04 PM,2020-10-29T01:04Z,25 Min,25,"4651 Britt Rd, Norcross",Lucky Shoals Park Community Recreation Center
20201028 06:03 PM,2020-10-29T01:03Z,1 Hr 30 Min,90,"2750 Pleasant Hill Rd, Duluth",Shorty Howell Park Activity Building
20201028 06:28 PM,2020-10-29T01:28Z,1 Hr,60,"2723 North Bogan Rd, Buford",Bogan Park Community Recreation Center
20201028 06:07 PM,2020-10-29T01:07Z,1 Hr,60,"2735 Old Auburn Rd, Dacula",Dacula Park Activity Building
20201028 06:08 PM,2020-10-29T01:08Z,45 Min,45,"55 Buford Highway, Suwanee",George Pierce Park Community Recreation Center
20201028 06:09 PM,2020-10-29T01:09Z,2 Hrs,120,"2405 Sugarloaf Parkway, Lawrenceville",Gwinnett County Fairgrounds
20201028 06:28 PM,2020-10-29T01:28Z,30 Min,30,"1063 Rockbridge Rd, Stone Mountain",Mountain Park Activity Building
20201028 06:27 PM,2020-10-29T01:27Z,1 Hr,60,"2750 Pleasant Hill Rd, Duluth",Shorty Howell Park Activity Building
20201029 07:10 AM,2020-10-29T14:10Z,No wait,0,"2723 North Bogan Rd, Buford",Bogan Park Community Recreation Center
20201029 07:10 AM,2020-10-29T14:10Z,No wait,0,"2735 Old Auburn Rd, Dacula",Dacula Park Activity Building
20201029 07:10 AM,2020-10-29T14:10Z,No wait,0,"55 Buford Highway, Suwanee",George Pierce Park Community Recreation Center
20201029 07:10 AM,2020-10-29T14:10Z,No wait,0,"2405 Sugarloaf Parkway, Lawrenceville",Gwinnett County Fairgrounds
20201029 07:10 AM,2020-10-29T14:10Z,No wait,0,"4515 Lenora Church Rd, Snellville",Lenora Park Gym
20201029 07:10 AM,2020-10-29T14:10Z,No wait,0,"4651 Britt Rd, Norcross",Lucky Shoals Park Community Recreation Center
20201029 07:10 AM,2020-10-29T14:10Z,No wait,0,"1063 Rockbridge Rd, Stone Mountain",Mountain Park Activity Building
20201029 07:10 AM,2020-10-29T14:10Z,No wait,0,"2750 Pleasant Hill Rd, Duluth",Shorty Howell Park Activity Building
20201029 07:32 AM,2020-10-29T14:32Z,5 Min,5,"2723 North Bogan Rd, Buford",Bogan Park Community Recreation Center
20201029 07:32 AM,2020-10-29T14:32Z,5 Min,5,"2735 Old Auburn Rd, Dacula",Dacula Park Activity Building
20201029 07:32 AM,2020-10-29T14:32Z,5 Min,5,"55 Buford Highway, Suwanee",George Pierce Park Community Recreation Center
20201029 07:32 AM,2020-10-29T14:32Z,5 Min,5,"2405 Sugarloaf Parkway, Lawrenceville",Gwinnett County Fairgrounds
20201029 07:32 AM,2020-10-29T14:32Z,5 Min,5,"4515 Lenora Church Rd, Snellville",Lenora Park Gym
20201029 07:32 AM,2020-10-29T14:32Z,5 Min,5,"4651 Britt Rd, Norcross",Lucky Shoals Park Community Recreation Center
20201029 07:32 AM,2020-10-29T14:32Z,5 Min,5,"1063 Rockbridge Rd, Stone Mountain",Mountain Park Activity Building
20201029 07:32 AM,2020-10-29T14:32Z,15 Min,15,"2750 Pleasant Hill Rd, Duluth",Shorty Howell Park Activity Building
20201029 08:10 AM,2020-10-29T15:10Z,5 Min,5,"455 Grayson Highway, Suite 200, Lawrenceville",Gwinnett Voter Registrations & Elections Office
20201029 08:11 AM,2020-10-29T15:11Z,5 Min,5,"2723 North Bogan Rd, Buford",Bogan Park Community Recreation Center
20201029 08:10 AM,2020-10-29T15:10Z,5 Min,5,"2735 Old Auburn Rd, Dacula",Dacula Park Activity Building
20201029 08:11 AM,2020-10-29T15:11Z,5 Min,5,"55 Buford Highway, Suwanee",George Pierce Park Community Recreation Center
20201029 08:10 AM,2020-10-29T15:10Z,5 Min,5,"2405 Sugarloaf Parkway, Lawrenceville",Gwinnett County Fairgrounds
20201029 08:10 AM,2020-10-29T15:10Z,5 Min,5,"4515 Lenora Church Rd, Snellville",Lenora Park Gym
20201029 08:09 AM,2020-10-29T15:09Z,5 Min,5,"4651 Britt Rd, Norcross",Lucky Shoals Park Community Recreation Center
20201029 08:11 AM,2020-10-29T15:11Z,5 Min,5,"1063 Rockbridge Rd, Stone Mountain",Mountain Park Activity Building
20201029 08:10 AM,2020-10-29T15:10Z,45 Min,45,"2750 Pleasant Hill Rd, Duluth",Shorty Howell Park Activity Building
20201029 08:41 AM,2020-10-29T15:41Z,10 Min,10,"455 Grayson Highway, Suite 200, Lawrenceville",Gwinnett Voter Registrations & Elections Office
20201029 08:58 AM,2020-10-29T15:58Z,5 Min,5,"455 Grayson Highway, Suite 200, Lawrenceville",Gwinnett Voter Registrations & Elections Office
20201029 08:58 AM,2020-10-29T15:58Z,5 Min,5,"2405 Sugarloaf Parkway, Lawrenceville",Gwinnett County Fairgrounds
20201029 09:10 AM,2020-10-29T16:10Z,No wait,0,"4515 Lenora Church Rd, Snellville",Lenora Park Gym
20201029 08:47 AM,2020-10-29T15:47Z,10 Min,10,"4651 Britt Rd, Norcross",Lucky Shoals Park Community Recreation Center
20201029 09:01 AM,2020-10-29T16:01Z,1 Hr,60,"2750 Pleasant Hill Rd, Duluth",Shorty Howell Park Activity Building
20201029 09:29 AM,2020-10-29T16:29Z,10 Min,10,"2735 Old Auburn Rd, Dacula",Dacula Park Activity Building
20201029 09:35 AM,2020-10-29T16:35Z,No wait,0,"55 Buford Highway, Suwanee",George Pierce Park Community Recreation Center
20201029 09:35 AM,2020-10-29T16:35Z,No wait,0,"4515 Lenora Church Rd, Snellville",Lenora Park Gym
20201029 10:11 AM,2020-10-29T17:11Z,10 Min,10,"455 Grayson Highway, Suite 200, Lawrenceville",Gwinnett Voter Registrations & Elections Office
20201029 09:59 AM,2020-10-29T16:59Z,6 Min,6,"2723 North Bogan Rd, Buford",Bogan Park Community Recreation Center
20201029 10:01 AM,2020-10-29T17:01Z,5 Min,5,"2735 Old Auburn Rd, Dacula",Dacula Park Activity Building
20201029 09:57 AM,2020-10-29T16:57Z,10 Min,10,"55 Buford Highway, Suwanee",George Pierce Park Community Recreation Center
20201029 10:10 AM,2020-10-29T17:10Z,5 Min,5,"2405 Sugarloaf Parkway, Lawrenceville",Gwinnett County Fairgrounds
20201029 10:10 AM,2020-10-29T17:10Z,No wait,0,"4515 Lenora Church Rd, Snellville",Lenora Park Gym
20201029 09:59 AM,2020-10-29T16:59Z,6 Min,6,"4651 Britt Rd, Norcross",Lucky Shoals Park Community Recreation Center
20201029 10:06 AM,2020-10-29T17:06Z,40 Min,40,"2750 Pleasant Hill Rd, Duluth",Shorty Howell Park Activity Building
20201029 10:30 AM,2020-10-29T17:30Z,5 Min,5,"455 Grayson Highway, Suite 200, Lawrenceville",Gwinnett Voter Registrations & Elections Office
20201029 10:27 AM,2020-10-29T17:27Z,5 Min,5,"2723 North Bogan Rd, Buford",Bogan Park Community Recreation Center
20201029 10:27 AM,2020-10-29T17:27Z,5 Min,5,"2735 Old Auburn Rd, Dacula",Dacula Park Activity Building
20201029 10:27 AM,2020-10-29T17:27Z,10 Min,10,"55 Buford Highway, Suwanee",George Pierce Park Community Recreation Center
20201029 10:27 AM,2020-10-29T17:27Z,5 Min,5,"2405 Sugarloaf Parkway, Lawrenceville",Gwinnett County Fairgrounds
20201029 10:27 AM,2020-10-29T17:27Z,5 Min,5,"4515 Lenora Church Rd, Snellville",Lenora Park Gym
20201029 10:29 AM,2020-10-29T17:29Z,5 Min,5,"4651 Britt Rd, Norcross",Lucky Shoals Park Community Recreation Center
20201029 10:28 AM,2020-10-29T17:28Z,5 Min,5,"1063 Rockbridge Rd, Stone Mountain",Mountain Park Activity Building
20201029 10:27 AM,2020-10-29T17:27Z,40 Min,40,"2750 Pleasant Hill Rd, Duluth",Shorty Howell Park Activity Building
20201029 10:56 AM,2020-10-29T17:56Z,10 Min,10,"455 Grayson Highway, Suite 200, Lawrenceville",Gwinnett Voter Registrations & Elections Office
20201029 10:39 AM,2020-10-29T17:39Z,20 Min,20,"55 Buford Highway, Suwanee",George Pierce Park Community Recreation Center
20201029 11:04 AM,2020-10-29T18:04Z,45 Min,45,"4651 Britt Rd, Norcross",Lucky Shoals Park Community Recreation Center
20201029 11:29 AM,2020-10-29T18:29Z,10 Min,10,"455 Grayson Highway, Suite 200, Lawrenceville",Gwinnett Voter Registrations & Elections Office
20201029 11:28 AM,2020-10-29T18:28Z,20 Min,20,"2723 North Bogan Rd, Buford",Bogan Park Community Recreation Center
20201029 11:30 AM,2020-10-29T18:30Z,5 Min,5,"2735 Old Auburn Rd, Dacula",Dacula Park Activity Building
20201029 11:30 AM,2020-10-29T18:30Z,15 Min,15,"55 Buford Highway, Suwanee",George Pierce Park Community Recreation Center
20201029 11:30 AM,2020-10-29T18:30Z,15 Min,15,"2405 Sugarloaf Parkway, Lawrenceville",Gwinnett County Fairgrounds
20201029 11:29 AM,2020-10-29T18:29Z,5 Min,5,"4515 Lenora Church Rd, Snellville",Lenora Park Gym
20201029 11:29 AM,2020-10-29T18:29Z,40 Min,40,"4651 Britt Rd, Norcross",Lucky Shoals Park Community Recreation Center
20201029 11:30 AM,2020-10-29T18:30Z,30 Min,30,"1063 Rockbridge Rd, Stone Mountain",Mountain Park Activity Building
20201029 11:30 AM,2020-10-29T18:30Z,1 Hr,60,"2750 Pleasant Hill Rd, Duluth",Shorty Howell Park Activity Building
20201029 12:05 PM,2020-10-29T19:05Z,10 Min,10,"455 Grayson Highway, Suite 200, Lawrenceville",Gwinnett Voter Registrations & Elections Office
20201029 11:59 AM,2020-10-29T18:59Z,20 Min,20,"2735 Old Auburn Rd, Dacula",Dacula Park Activity Building
20201029 12:13 PM,2020-10-29T19:13Z,20 Min,20,"55 Buford Highway, Suwanee",George Pierce Park Community Recreation Center
20201029 12:02 PM,2020-10-29T19:02Z,10 Min,10,"2405 Sugarloaf Parkway, Lawrenceville",Gwinnett County Fairgrounds
20201029 12:06 PM,2020-10-29T19:06Z,10 Min,10,"4515 Lenora Church Rd, Snellville",Lenora Park Gym
20201029 12:00 PM,2020-10-29T19:00Z,20 Min,20,"1063 Rockbridge Rd, Stone Mountain",Mountain Park Activity Building
20201029 12:12 PM,2020-10-29T19:12Z,1 Hr,60,"2750 Pleasant Hill Rd, Duluth",Shorty Howell Park Activity Building
20201029 01:01 PM,2020-10-29T20:01Z,15 Min,15,"455 Grayson Highway, Suite 200, Lawrenceville",Gwinnett Voter Registrations & Elections Office
20201029 12:51 PM,2020-10-29T19:51Z,25 Min,25,"2723 North Bogan Rd, Buford",Bogan Park Community Recreation Center
20201029 12:47 PM,2020-10-29T19:47Z,20 Min,20,"2735 Old Auburn Rd, Dacula",Dacula Park Activity Building
20201029 12:52 PM,2020-10-29T19:52Z,15 Min,15,"55 Buford Highway, Suwanee",George Pierce Park Community Recreation Center
20201029 12:56 PM,2020-10-29T19:56Z,20 Min,20,"2405 Sugarloaf Parkway, Lawrenceville",Gwinnett County Fairgrounds
20201029 12:52 PM,2020-10-29T19:52Z,45 Min,45,"4651 Britt Rd, Norcross",Lucky Shoals Park Community Recreation Center
20201029 12:46 PM,2020-10-29T19:46Z,30 Min,30,"1063 Rockbridge Rd, Stone Mountain",Mountain Park Activity Building
20201029 01:20 PM,2020-10-29T20:20Z,25 Min,25,"2723 North Bogan Rd, Buford",Bogan Park Community Recreation Center
20201029 01:06 PM,2020-10-29T20:06Z,25 Min,25,"2735 Old Auburn Rd, Dacula",Dacula Park Activity Building
20201029 01:21 PM,2020-10-29T20:21Z,15 Min,15,"55 Buford Highway, Suwanee",George Pierce Park Community Recreation Center
20201029 01:21 PM,2020-10-29T20:21Z,20 Min,20,"2405 Sugarloaf Parkway, Lawrenceville",Gwinnett County Fairgrounds
20201029 01:20 PM,2020-10-29T20:20Z,15 Min,15,"4515 Lenora Church Rd, Snellville",Lenora Park Gym
20201029 01:21 PM,2020-10-29T20:21Z,45 Min,45,"4651 Britt Rd, Norcross",Lucky Shoals Park Community Recreation Center
20201029 01:20 PM,2020-10-29T20:20Z,10 Min,10,"1063 Rockbridge Rd, Stone Mountain",Mountain Park Activity Building
20201029 01:17 PM,2020-10-29T20:17Z,1 Hr,60,"2750 Pleasant Hill Rd, Duluth",Shorty Howell Park Activity Building
20201029 02:04 PM,2020-10-29T21:04Z,15 Min,15,"455 Grayson Highway, Suite 200, Lawrenceville",Gwinnett Voter Registrations & Elections Office
20201029 02:04 PM,2020-10-29T21:04Z,30 Min,30,"2735 Old Auburn Rd, Dacula",Dacula Park Activity Building
20201029 02:04 PM,2020-10-29T21:04Z,45 Min,45,"4651 Britt Rd, Norcross",Lucky Shoals Park Community Recreation Center
20201029 02:05 PM,2020-10-29T21:05Z,15 Min,15,"1063 Rockbridge Rd, Stone Mountain",Mountain Park Activity Building
20201029 02:05 PM,2020-10-29T21:05Z,20 Min,20,"2750 Pleasant Hill Rd, Duluth",Shorty Howell Park Activity Building
20201029 02:06 PM,2020-10-29T21:06Z,15 Min,15,"455 Grayson Highway, Suite 200, Lawrenceville",Gwinnett Voter Registrations & Elections Office
20201029 02:09 PM,2020-10-29T21:09Z,25 Min,25,"2723 North Bogan Rd, Buford",Bogan Park Community Recreation Center
20201029 02:09 PM,2020-10-29T21:09Z,30 Min,30,"55 Buford Highway, Suwanee",George Pierce Park Community Recreation Center
20201029 02:07 PM,2020-10-29T21:07Z,30 Min,30,"2405 Sugarloaf Parkway, Lawrenceville",Gwinnett County Fairgrounds
20201029 02:11 PM,2020-10-29T21:11Z,30 Min,30,"4515 Lenora Church Rd, Snellville",Lenora Park Gym
20201029 02:57 PM,2020-10-29T21:57Z,20 Min,20,"455 Grayson Highway, Suite 200, Lawrenceville",Gwinnett Voter Registrations & Elections Office
20201029 02:58 PM,2020-10-29T21:58Z,20 Min,20,"2735 Old Auburn Rd, Dacula",Dacula Park Activity Building
20201029 03:21 PM,2020-10-29T22:21Z,45 Min,45,"55 Buford Highway, Suwanee",George Pierce Park Community Recreation Center
20201029 03:26 PM,2020-10-29T22:26Z,45 Min,45,"4651 Britt Rd, Norcross",Lucky Shoals Park Community Recreation Center
20201029 03:32 PM,2020-10-29T22:32Z,20 Min,20,"455 Grayson Highway, Suite 200, Lawrenceville",Gwinnett Voter Registrations & Elections Office
20201029 03:40 PM,2020-10-29T22:40Z,25 Min,25,"2723 North Bogan Rd, Buford",Bogan Park Community Recreation Center
20201029 04:04 PM,2020-10-29T23:04Z,15 Min,15,"2735 Old Auburn Rd, Dacula",Dacula Park Activity Building
20201029 03:33 PM,2020-10-29T22:33Z,45 Min,45,"55 Buford Highway, Suwanee",George Pierce Park Community Recreation Center
20201029 03:56 PM,2020-10-29T22:56Z,20 Min,20,"2405 Sugarloaf Parkway, Lawrenceville",Gwinnett County Fairgrounds
20201029 03:33 PM,2020-10-29T22:33Z,25 Min,25,"4515 Lenora Church Rd, Snellville",Lenora Park Gym
20201029 03:33 PM,2020-10-29T22:33Z,30 Min,30,"4651 Britt Rd, Norcross",Lucky Shoals Park Community Recreation Center
20201029 03:32 PM,2020-10-29T22:32Z,30 Min,30,"1063 Rockbridge Rd, Stone Mountain",Mountain Park Activity Building
20201029 03:59 PM,2020-10-29T22:59Z,1 Hr 30 Min,90,"2750 Pleasant Hill Rd, Duluth",Shorty Howell Park Activity Building
20201029 04:08 PM,2020-10-29T23:08Z,10 Min,10,"455 Grayson Highway, Suite 200, Lawrenceville",Gwinnett Voter Registrations & Elections Office
20201029 04:10 PM,2020-10-29T23:10Z,40 Min,40,"1063 Rockbridge Rd, Stone Mountain",Mountain Park Activity Building
20201029 04:52 PM,2020-10-29T23:52Z,25 Min,25,"4515 Lenora Church Rd, Snellville",Lenora Park Gym
20201029 05:04 PM,2020-10-30T00:04Z,1 Hr,60,"2750 Pleasant Hill Rd, Duluth",Shorty Howell Park Activity Building
20201029 05:25 PM,2020-10-30T00:25Z,20 Min,20,"55 Buford Highway, Suwanee",George Pierce Park Community Recreation Center
20201029 05:09 PM,2020-10-30T00:09Z,35 Min,35,"2405 Sugarloaf Parkway, Lawrenceville",Gwinnett County Fairgrounds
20201029 05:36 PM,2020-10-30T00:36Z,30 Min,30,"2723 North Bogan Rd, Buford",Bogan Park Community Recreation Center
20201029 05:44 PM,2020-10-30T00:44Z,35 Min,35,"2735 Old Auburn Rd, Dacula",Dacula Park Activity Building
20201029 05:36 PM,2020-10-30T00:36Z,30 Min,30,"55 Buford Highway, Suwanee",George Pierce Park Community Recreation Center
20201029 05:56 PM,2020-10-30T00:56Z,30 Min,30,"2405 Sugarloaf Parkway, Lawrenceville",Gwinnett County Fairgrounds
20201029 05:37 PM,2020-10-30T00:37Z,25 Min,25,"4515 Lenora Church Rd, Snellville",Lenora Park Gym
20201029 05:42 PM,2020-10-30T00:42Z,1 Hr,60,"4651 Britt Rd, Norcross",Lucky Shoals Park Community Recreation Center
20201029 05:41 PM,2020-10-30T00:41Z,40 Min,40,"1063 Rockbridge Rd, Stone Mountain",Mountain Park Activity Building
20201029 05:37 PM,2020-10-30T00:37Z,1 Hr,60,"2750 Pleasant Hill Rd, Duluth",Shorty Howell Park Activity Building
20201029 06:26 PM,2020-10-30T01:26Z,50 Min,50,"2735 Old Auburn Rd, Dacula",Dacula Park Activity Building
20201029 06:13 PM,2020-10-30T01:13Z,15 Min,15,"4515 Lenora Church Rd, Snellville",Lenora Park Gym
20201029 06:18 PM,2020-10-30T01:18Z,30 Min,30,"1063 Rockbridge Rd, Stone Mountain",Mountain Park Activity Building
20201029 06:06 PM,2020-10-30T01:06Z,1 Hr 10 Min,70,"2750 Pleasant Hill Rd, Duluth",Shorty Howell Park Activity Building
20201030 07:10 AM,2020-10-30T14:10Z,No wait,0,"2723 North Bogan Rd, Buford",Bogan Park Community Recreation Center
20201030 07:10 AM,2020-10-30T14:10Z,No wait,0,"2735 Old Auburn Rd, Dacula",Dacula Park Activity Building
20201030 07:10 AM,2020-10-30T14:10Z,No wait,0,"55 Buford Highway, Suwanee",George Pierce Park Community Recreation Center
20201030 07:10 AM,2020-10-30T14:10Z,No wait,0,"2405 Sugarloaf Parkway, Lawrenceville",Gwinnett County Fairgrounds
20201030 07:10 AM,2020-10-30T14:10Z,No wait,0,"4515 Lenora Church Rd, Snellville",Lenora Park Gym
20201030 07:10 AM,2020-10-30T14:10Z,No wait,0,"4651 Britt Rd, Norcross",Lucky Shoals Park Community Recreation Center
20201030 07:10 AM,2020-10-30T14:10Z,No wait,0,"1063 Rockbridge Rd, Stone Mountain",Mountain Park Activity Building
20201030 07:07 AM,2020-10-30T14:07Z,20 Min,20,"2750 Pleasant Hill Rd, Duluth",Shorty Howell Park Activity Building
20201030 07:23 AM,2020-10-30T14:23Z,50 Min,50,"2723 North Bogan Rd, Buford",Bogan Park Community Recreation Center
20201030 07:23 AM,2020-10-30T14:23Z,15 Min,15,"2735 Old Auburn Rd, Dacula",Dacula Park Activity Building
20201030 07:23 AM,2020-10-30T14:23Z,50 Min,50,"55 Buford Highway, Suwanee",George Pierce Park Community Recreation Center
20201030 07:23 AM,2020-10-30T14:23Z,1 Hr 30 Min,90,"2405 Sugarloaf Parkway, Lawrenceville",Gwinnett County Fairgrounds
20201030 07:23 AM,2020-10-30T14:23Z,30 Min,30,"4515 Lenora Church Rd, Snellville",Lenora Park Gym
20201030 07:23 AM,2020-10-30T14:23Z,45 Min,45,"4651 Britt Rd, Norcross",Lucky Shoals Park Community Recreation Center
20201030 07:23 AM,2020-10-30T14:23Z,20 Min,20,"1063 Rockbridge Rd, Stone Mountain",Mountain Park Activity Building
20201030 08:05 AM,2020-10-30T15:05Z,No wait,0,"455 Grayson Highway, Suite 200, Lawrenceville",Gwinnett Voter Registrations & Elections Office
20201030 07:50 AM,2020-10-30T14:50Z,45 Min,45,"2405 Sugarloaf Parkway, Lawrenceville",Gwinnett County Fairgrounds
20201030 07:40 AM,2020-10-30T14:40Z,1 Hr 30 Min,90,"4651 Britt Rd, Norcross",Lucky Shoals Park Community Recreation Center
20201030 08:00 AM,2020-10-30T15:00Z,35 Min,35,"1063 Rockbridge Rd, Stone Mountain",Mountain Park Activity Building
20201030 07:29 AM,2020-10-30T14:29Z,45 Min,45,"2750 Pleasant Hill Rd, Duluth",Shorty Howell Park Activity Building
20201030 08:09 AM,2020-10-30T15:09Z,30 Min,30,"455 Grayson Highway, Suite 200, Lawrenceville",Gwinnett Voter Registrations & Elections Office
20201030 08:13 AM,2020-10-30T15:13Z,30 Min,30,"2723 North Bogan Rd, Buford",Bogan Park Community Recreation Center
20201030 08:14 AM,2020-10-30T15:14Z,15 Min,15,"2735 Old Auburn Rd, Dacula",Dacula Park Activity Building
20201030 08:11 AM,2020-10-30T15:11Z,15 Min,15,"2405 Sugarloaf Parkway, Lawrenceville",Gwinnett County Fairgrounds
20201030 09:01 AM,2020-10-30T16:01Z,20 Min,20,"455 Grayson Highway, Suite 200, Lawrenceville",Gwinnett Voter Registrations & Elections Office
20201030 08:55 AM,2020-10-30T15:55Z,30 Min,30,"2723 North Bogan Rd, Buford",Bogan Park Community Recreation Center
20201030 09:06 AM,2020-10-30T16:06Z,20 Min,20,"2735 Old Auburn Rd, Dacula",Dacula Park Activity Building
20201030 09:01 AM,2020-10-30T16:01Z,15 Min,15,"55 Buford Highway, Suwanee",George Pierce Park Community Recreation Center
20201030 08:55 AM,2020-10-30T15:55Z,10 Min,10,"2405 Sugarloaf Parkway, Lawrenceville",Gwinnett County Fairgrounds
20201030 08:44 AM,2020-10-30T15:44Z,20 Min,20,"4515 Lenora Church Rd, Snellville",Lenora Park Gym
20201030 09:03 AM,2020-10-30T16:03Z,1 Hr,60,"4651 Britt Rd, Norcross",Lucky Shoals Park Community Recreation Center
20201030 09:01 AM,2020-10-30T16:01Z,40 Min,40,"1063 Rockbridge Rd, Stone Mountain",Mountain Park Activity Building
20201030 08:54 AM,2020-10-30T15:54Z,1 Hr,60,"2750 Pleasant Hill Rd, Duluth",Shorty Howell Park Activity Building
20201030 09:10 AM,2020-10-30T16:10Z,30 Min,30,"2723 North Bogan Rd, Buford",Bogan Park Community Recreation Center
20201030 09:17 AM,2020-10-30T16:17Z,10 Min,10,"2405 Sugarloaf Parkway, Lawrenceville",Gwinnett County Fairgrounds
20201030 09:18 AM,2020-10-30T16:18Z,20 Min,20,"4515 Lenora Church Rd, Snellville",Lenora Park Gym
20201030 09:17 AM,2020-10-30T16:17Z,1 Hr,60,"2750 Pleasant Hill Rd, Duluth",Shorty Howell Park Activity Building
20201030 09:55 AM,2020-10-30T16:55Z,20 Min,20,"455 Grayson Highway, Suite 200, Lawrenceville",Gwinnett Voter Registrations & Elections Office
20201030 09:58 AM,2020-10-30T16:58Z,20 Min,20,"2723 North Bogan Rd, Buford",Bogan Park Community Recreation Center
20201030 09:58 AM,2020-10-30T16:58Z,30 Min,30,"55 Buford Highway, Suwanee",George Pierce Park Community Recreation Center
20201030 10:03 AM,2020-10-30T17:03Z,1 Hr 20 Min,80,"4651 Britt Rd, Norcross",Lucky Shoals Park Community Recreation Center
20201030 10:01 AM,2020-10-30T17:01Z,40 Min,40,"1063 Rockbridge Rd, Stone Mountain",Mountain Park Activity Building
20201030 10:07 AM,2020-10-30T17:07Z,20 Min,20,"455 Grayson Highway, Suite 200, Lawrenceville",Gwinnett Voter Registrations & Elections Office
20201030 10:07 AM,2020-10-30T17:07Z,10 Min,10,"2723 North Bogan Rd, Buford",Bogan Park Community Recreation Center
20201030 10:06 AM,2020-10-30T17:06Z,20 Min,20,"2735 Old Auburn Rd, Dacula",Dacula Park Activity Building
20201030 10:22 AM,2020-10-30T17:22Z,1 Hr,60,"55 Buford Highway, Suwanee",George Pierce Park Community Recreation Center
20201030 10:17 AM,2020-10-30T17:17Z,1 Hr 30 Min,90,"2405 Sugarloaf Parkway, Lawrenceville",Gwinnett County Fairgrounds
20201030 10:11 AM,2020-10-30T17:11Z,30 Min,30,"4515 Lenora Church Rd, Snellville",Lenora Park Gym
20201030 10:09 AM,2020-10-30T17:09Z,1 Hr 20 Min,80,"4651 Britt Rd, Norcross",Lucky Shoals Park Community Recreation Center
20201030 10:07 AM,2020-10-30T17:07Z,40 Min,40,"1063 Rockbridge Rd, Stone Mountain",Mountain Park Activity Building
20201030 10:10 AM,2020-10-30T17:10Z,1 Hr 30 Min,90,"2750 Pleasant Hill Rd, Duluth",Shorty Howell Park Activity Building
20201030 10:52 AM,2020-10-30T17:52Z,20 Min,20,"455 Grayson Highway, Suite 200, Lawrenceville",Gwinnett Voter Registrations & Elections Office
20201030 11:06 AM,2020-10-30T18:06Z,20 Min,20,"2735 Old Auburn Rd, Dacula",Dacula Park Activity Building
20201030 10:57 AM,2020-10-30T17:57Z,45 Min,45,"1063 Rockbridge Rd, Stone Mountain",Mountain Park Activity Building
20201030 11:15 AM,2020-10-30T18:15Z,20 Min,20,"455 Grayson Highway, Suite 200, Lawrenceville",Gwinnett Voter Registrations & Elections Office
20201030 11:16 AM,2020-10-30T18:16Z,30 Min,30,"2723 North Bogan Rd, Buford",Bogan Park Community Recreation Center
20201030 11:16 AM,2020-10-30T18:16Z,20 Min,20,"2735 Old Auburn Rd, Dacula",Dacula Park Activity Building
20201030 11:15 AM,2020-10-30T18:15Z,1 Hr,60,"55 Buford Highway, Suwanee",George Pierce Park Community Recreation Center
20201030 11:16 AM,2020-10-30T18:16Z,40 Min,40,"2405 Sugarloaf Parkway, Lawrenceville",Gwinnett County Fairgrounds
20201030 11:15 AM,2020-10-30T18:15Z,45 Min,45,"1063 Rockbridge Rd, Stone Mountain",Mountain Park Activity Building
20201030 11:16 AM,2020-10-30T18:16Z,1 Hr 30 Min,90,"2750 Pleasant Hill Rd, Duluth",Shorty Howell Park Activity Building
20201030 12:06 PM,2020-10-30T19:06Z,45 Min,45,"2723 North Bogan Rd, Buford",Bogan Park Community Recreation Center
20201030 12:06 PM,2020-10-30T19:06Z,45 Min,45,"2735 Old Auburn Rd, Dacula",Dacula Park Activity Building
20201030 11:56 AM,2020-10-30T18:56Z,30 Min,30,"1063 Rockbridge Rd, Stone Mountain",Mountain Park Activity Building
20201030 12:21 PM,2020-10-30T19:21Z,30 Min,30,"455 Grayson Highway, Suite 200, Lawrenceville",Gwinnett Voter Registrations & Elections Office
20201030 12:28 PM,2020-10-30T19:28Z,30 Min,30,"455 Grayson Highway, Suite 200, Lawrenceville",Gwinnett Voter Registrations & Elections Office
20201030 12:57 PM,2020-10-30T19:57Z,1 Hr 15 Min,75,"2723 North Bogan Rd, Buford",Bogan Park Community Recreation Center
20201030 12:32 PM,2020-10-30T19:32Z,1 Hr 15 Min,75,"2735 Old Auburn Rd, Dacula",Dacula Park Activity Building
20201030 12:28 PM,2020-10-30T19:28Z,45 Min,45,"55 Buford Highway, Suwanee",George Pierce Park Community Recreation Center
20201030 12:28 PM,2020-10-30T19:28Z,30 Min,30,"2405 Sugarloaf Parkway, Lawrenceville",Gwinnett County Fairgrounds
20201030 12:28 PM,2020-10-30T19:28Z,30 Min,30,"4515 Lenora Church Rd, Snellville",Lenora Park Gym
20201030 12:28 PM,2020-10-30T19:28Z,45 Min,45,"4651 Britt Rd, Norcross",Lucky Shoals Park Community Recreation Center
20201030 01:00 PM,2020-10-30T20:00Z,20 Min,20,"1063 Rockbridge Rd, Stone Mountain",Mountain Park Activity Building
20201030 12:28 PM,2020-10-30T19:28Z,1 Hr,60,"2750 Pleasant Hill Rd, Duluth",Shorty Howell Park Activity Building
20201030 01:02 PM,2020-10-30T20:02Z,1 Hr 30 Min,90,"455 Grayson Highway, Suite 200, Lawrenceville",Gwinnett Voter Registrations & Elections Office
20201030 01:01 PM,2020-10-30T20:01Z,2 Hrs,120,"2735 Old Auburn Rd, Dacula",Dacula Park Activity Building
20201030 01:12 PM,2020-10-30T20:12Z,1 Hr 30 Min,90,"55 Buford Highway, Suwanee",George Pierce Park Community Recreation Center
20201030 01:23 PM,2020-10-30T20:23Z,1 Hr 15 Min,75,"2405 Sugarloaf Parkway, Lawrenceville",Gwinnett County Fairgrounds
20201030 02:09 PM,2020-10-30T21:09Z,1 Hr 15 Min,75,"455 Grayson Highway, Suite 200, Lawrenceville",Gwinnett Voter Registrations & Elections Office
20201030 01:58 PM,2020-10-30T20:58Z,1 Hr 30 Min,90,"2723 North Bogan Rd, Buford",Bogan Park Community Recreation Center
20201030 02:09 PM,2020-10-30T21:09Z,1 Hr 30 Min,90,"2405 Sugarloaf Parkway, Lawrenceville",Gwinnett County Fairgrounds
20201030 02:08 PM,2020-10-30T21:08Z,1 Hr,60,"4651 Britt Rd, Norcross",Lucky Shoals Park Community Recreation Center
20201030 02:26 PM,2020-10-30T21:26Z,1 Hr 30 Min,90,"2723 North Bogan Rd, Buford",Bogan Park Community Recreation Center
20201030 02:12 PM,2020-10-30T21:12Z,1 Hr 30 Min,90,"2735 Old Auburn Rd, Dacula",Dacula Park Activity Building
20201030 02:29 PM,2020-10-30T21:29Z,1 Hr,60,"55 Buford Highway, Suwanee",George Pierce Park Community Recreation Center
20201030 02:27 PM,2020-10-30T21:27Z,40 Min,40,"4515 Lenora Church Rd, Snellville",Lenora Park Gym
20201030 02:27 PM,2020-10-30T21:27Z,30 Min,30,"1063 Rockbridge Rd, Stone Mountain",Mountain Park Activity Building
20201030 02:27 PM,2020-10-30T21:27Z,1 Hr 30 Min,90,"2750 Pleasant Hill Rd, Duluth",Shorty Howell Park Activity Building
20201030 02:56 PM,2020-10-30T21:56Z,45 Min,45,"455 Grayson Highway, Suite 200, Lawrenceville",Gwinnett Voter Registrations & Elections Office
20201030 03:10 PM,2020-10-30T22:10Z,1 Hr 40 Min,100,"2723 North Bogan Rd, Buford",Bogan Park Community Recreation Center
20201030 02:54 PM,2020-10-30T21:54Z,45 Min,45,"2735 Old Auburn Rd, Dacula",Dacula Park Activity Building
20201030 02:54 PM,2020-10-30T21:54Z,1 Hr,60,"2405 Sugarloaf Parkway, Lawrenceville",Gwinnett County Fairgrounds
20201030 02:46 PM,2020-10-30T21:46Z,45 Min,45,"4515 Lenora Church Rd, Snellville",Lenora Park Gym
20201030 02:58 PM,2020-10-30T21:58Z,50 Min,50,"4651 Britt Rd, Norcross",Lucky Shoals Park Community Recreation Center
20201030 02:58 PM,2020-10-30T21:58Z,1 Hr,60,"1063 Rockbridge Rd, Stone Mountain",Mountain Park Activity Building
20201030 02:57 PM,2020-10-30T21:57Z,1 Hr 30 Min,90,"2750 Pleasant Hill Rd, Duluth",Shorty Howell Park Activity Building
20201030 03:15 PM,2020-10-30T22:15Z,1 Hr 15 Min,75,"455 Grayson Highway, Suite 200, Lawrenceville",Gwinnett Voter Registrations & Elections Office
20201030 03:18 PM,2020-10-30T22:18Z,1 Hr 40 Min,100,"2723 North Bogan Rd, Buford",Bogan Park Community Recreation Center
20201030 03:17 PM,2020-10-30T22:17Z,2 Hrs,120,"2735 Old Auburn Rd, Dacula",Dacula Park Activity Building
20201030 03:23 PM,2020-10-30T22:23Z,1 Hr,60,"55 Buford Highway, Suwanee",George Pierce Park Community Recreation Center
20201030 03:17 PM,2020-10-30T22:17Z,1 Hr 10 Min,70,"2405 Sugarloaf Parkway, Lawrenceville",Gwinnett County Fairgrounds
20201030 03:23 PM,2020-10-30T22:23Z,50 Min,50,"4515 Lenora Church Rd, Snellville",Lenora Park Gym
20201030 03:38 PM,2020-10-30T22:38Z,2 Hrs,120,"55 Buford Highway, Suwanee",George Pierce Park Community Recreation Center
20201030 04:08 PM,2020-10-30T23:08Z,1 Hr,60,"455 Grayson Highway, Suite 200, Lawrenceville",Gwinnett Voter Registrations & Elections Office
20201030 04:10 PM,2020-10-30T23:10Z,2 Hrs,120,"2723 North Bogan Rd, Buford",Bogan Park Community Recreation Center
20201030 04:01 PM,2020-10-30T23:01Z,1 Hr 30 Min,90,"1063 Rockbridge Rd, Stone Mountain",Mountain Park Activity Building
20201030 05:04 PM,2020-10-31T00:04Z,1 Hr 15 Min,75,"2723 North Bogan Rd, Buford",Bogan Park Community Recreation Center
20201030 04:55 PM,2020-10-30T23:55Z,1 Hr 40 Min,100,"4651 Britt Rd, Norcross",Lucky Shoals Park Community Recreation Center
20201030 05:06 PM,2020-10-31T00:06Z,1 Hr 35 Min,95,"1063 Rockbridge Rd, Stone Mountain",Mountain Park Activity Building
20201030 05:06 PM,2020-10-31T00:06Z,1 Hr 15 Min,75,"2723 North Bogan Rd, Buford",Bogan Park Community Recreation Center
20201030 05:21 PM,2020-10-31T00:21Z,1 Hr,60,"2735 Old Auburn Rd, Dacula",Dacula Park Activity Building
20201030 05:08 PM,2020-10-31T00:08Z,2 Hrs,120,"55 Buford Highway, Suwanee",George Pierce Park Community Recreation Center
20201030 05:07 PM,2020-10-31T00:07Z,2 Hrs 20 Min,140,"2405 Sugarloaf Parkway, Lawrenceville",Gwinnett County Fairgrounds
20201030 05:08 PM,2020-10-31T00:08Z,1 Hr,60,"4515 Lenora Church Rd, Snellville",Lenora Park Gym
20201030 05:07 PM,2020-10-31T00:07Z,1 Hr 40 Min,100,"4651 Britt Rd, Norcross",Lucky Shoals Park Community Recreation Center
20201030 05:07 PM,2020-10-31T00:07Z,1 Hr 30 Min,90,"1063 Rockbridge Rd, Stone Mountain",Mountain Park Activity Building
20201030 05:21 PM,2020-10-31T00:21Z,1 Hr 30 Min,90,"2750 Pleasant Hill Rd, Duluth",Shorty Howell Park Activity Building
20201030 06:11 PM,2020-10-31T01:11Z,1 Hr 30 Min,90,"2723 North Bogan Rd, Buford",Bogan Park Community Recreation Center
20201030 06:10 PM,2020-10-31T01:10Z,1 Hr,60,"2735 Old Auburn Rd, Dacula",Dacula Park Activity Building
20201030 06:10 PM,2020-10-31T01:10Z,1 Hr 30 Min,90,"55 Buford Highway, Suwanee",George Pierce Park Community Recreation Center
20201030 06:09 PM,2020-10-31T01:09Z,2 Hrs,120,"2405 Sugarloaf Parkway, Lawrenceville",Gwinnett County Fairgrounds
20201030 06:11 PM,2020-10-31T01:11Z,1 Hr,60,"4515 Lenora Church Rd, Snellville",Lenora Park Gym
20201030 06:10 PM,2020-10-31T01:10Z,1 Hr 30 Min,90,"4651 Britt Rd, Norcross",Lucky Shoals Park Community Recreation Center
20201030 06:09 PM,2020-10-31T01:09Z,1 Hr,60,"1063 Rockbridge Rd, Stone Mountain",Mountain Park Activity Building
20201030 06:10 PM,2020-10-31T01:10Z,1 Hr 30 Min,90,"2750 Pleasant Hill Rd, Duluth",Shorty Howell Park Activity Building